{
	"song": {
		"player1": "epicBf",
		"player2": "awesomeBambi",
		"events": [],
		"notes": [
			{
				"lengthInSteps": 16,
				"typeOfSection": 0,
				"sectionNotes": [
					[
						0,
						0,
						0
					],
					[
						0,
						3,
						0
					],
					[
						250,
						3,
						0
					],
					[
						83.3333333333333,
						2,
						0
					],
					[
						916.666666666667,
						2,
						0
					],
					[
						1000,
						2,
						0
					],
					[
						1083.33333333333,
						2,
						0
					],
					[
						952.083333333333,
						3,
						0
					],
					[
						1039.58333333333,
						1,
						0
					],
					[
						666.666666666667,
						0,
						0
					]
				],
				"altAnim": false,
				"gfSection": false,
				"bpm": 150,
				"changeBPM": false,
				"mustHitSection": false
			},
			{
				"lengthInSteps": 16,
				"typeOfSection": 0,
				"sectionNotes": [
					[
						1333.33333333333,
						0,
						0
					],
					[
						1416.66666666667,
						3,
						0
					],
					[
						1500,
						2,
						0
					],
					[
						1583.33333333333,
						3,
						0
					],
					[
						1750,
						0,
						0
					],
					[
						2583.33333333333,
						2,
						0
					],
					[
						1916.66666666667,
						2,
						0
					],
					[
						2416.66666666667,
						3,
						0
					],
					[
						2250,
						3,
						0
					],
					[
						2083.33333333333,
						0,
						0
					]
				],
				"altAnim": false,
				"gfSection": false,
				"bpm": 150,
				"changeBPM": false,
				"mustHitSection": false
			},
			{
				"lengthInSteps": 16,
				"typeOfSection": 0,
				"sectionNotes": [
					[
						2666.66666666667,
						0,
						0
					],
					[
						2666.66666666667,
						3,
						0
					],
					[
						2916.66666666667,
						3,
						0
					],
					[
						2750,
						2,
						0
					],
					[
						3583.33333333333,
						2,
						0
					],
					[
						3666.66666666667,
						2,
						0
					],
					[
						3750,
						2,
						0
					],
					[
						3618.75,
						3,
						0
					],
					[
						3706.25,
						1,
						0
					],
					[
						3333.33333333333,
						0,
						0
					]
				],
				"altAnim": false,
				"gfSection": false,
				"bpm": 180,
				"changeBPM": false,
				"mustHitSection": true
			},
			{
				"lengthInSteps": 16,
				"typeOfSection": 0,
				"sectionNotes": [
					[
						4000,
						0,
						0
					],
					[
						4083.33333333333,
						3,
						0
					],
					[
						4166.66666666667,
						2,
						0
					],
					[
						4250,
						3,
						0
					],
					[
						4416.66666666667,
						0,
						0
					],
					[
						4583.33333333333,
						2,
						0
					],
					[
						4750,
						0,
						0
					],
					[
						4916.66666666667,
						3,
						0
					],
					[
						5250,
						2,
						750
					],
					[
						5083.33333333333,
						0,
						0
					]
				],
				"altAnim": false,
				"gfSection": false,
				"bpm": 180,
				"changeBPM": false,
				"mustHitSection": true
			},
			{
				"lengthInSteps": 16,
				"typeOfSection": 0,
				"sectionNotes": [
					[
						5333.33333333333,
						2,
						0
					],
					[
						5666.66666666667,
						0,
						0
					],
					[
						5833.33333333333,
						3,
						0
					],
					[
						6000,
						2,
						0
					],
					[
						6166.66666666667,
						1,
						0
					],
					[
						6333.33333333333,
						2,
						0
					],
					[
						6500,
						1,
						0
					]
				],
				"altAnim": false,
				"gfSection": false,
				"bpm": 180,
				"changeBPM": false,
				"mustHitSection": false
			},
			{
				"lengthInSteps": 16,
				"typeOfSection": 0,
				"sectionNotes": [
					[
						6666.66666666667,
						3,
						250
					],
					[
						7083.33333333333,
						0,
						250
					],
					[
						7500,
						1,
						0
					],
					[
						7750,
						2,
						166.666666666667
					]
				],
				"altAnim": false,
				"gfSection": false,
				"bpm": 180,
				"changeBPM": false,
				"mustHitSection": false
			},
			{
				"lengthInSteps": 16,
				"typeOfSection": 0,
				"sectionNotes": [
					[
						8000,
						2,
						333.333333333333
					],
					[
						8500,
						0,
						0
					],
					[
						8666.66666666667,
						3,
						0
					],
					[
						8833.33333333333,
						2,
						0
					],
					[
						9000,
						1,
						0
					],
					[
						9166.66666666667,
						2,
						0
					]
				],
				"altAnim": false,
				"gfSection": false,
				"bpm": 180,
				"changeBPM": false,
				"mustHitSection": true
			},
			{
				"lengthInSteps": 16,
				"typeOfSection": 0,
				"sectionNotes": [
					[
						9333.33333333333,
						1,
						0
					],
					[
						9500,
						3,
						250
					],
					[
						9916.66666666667,
						0,
						250
					],
					[
						10250,
						1,
						0
					],
					[
						9500,
						6,
						0
					],
					[
						9916.66666666667,
						6,
						0
					],
					[
						10250,
						6,
						0
					],
					[
						10333.3333333333,
						6,
						0
					],
					[
						10416.6666666667,
						6,
						0
					],
					[
						10583.3333333333,
						6,
						0
					],
					[
						10500,
						6,
						0
					],
					[
						10416.6666666667,
						2,
						166.666666666667
					],
					[
						10541.6666666667,
						5,
						0
					],
					[
						10456.25,
						7,
						0
					],
					[
						10629.1666666667,
						7,
						0
					]
				],
				"altAnim": false,
				"gfSection": false,
				"bpm": 180,
				"changeBPM": false,
				"mustHitSection": true
			},
			{
				"lengthInSteps": 16,
				"typeOfSection": 0,
				"sectionNotes": [
					[
						10666.6666666667,
						6,
						0
					],
					[
						10750,
						6,
						0
					],
					[
						10700,
						5,
						0
					],
					[
						10768.75,
						7,
						0
					]
				],
				"altAnim": false,
				"gfSection": false,
				"bpm": 180,
				"changeBPM": false,
				"mustHitSection": true
			},
			{
				"lengthInSteps": 16,
				"typeOfSection": 0,
				"sectionNotes": [],
				"altAnim": false,
				"gfSection": false,
				"bpm": 180,
				"changeBPM": false,
				"mustHitSection": false
			},
			{
				"lengthInSteps": 16,
				"typeOfSection": 0,
				"sectionNotes": [],
				"altAnim": false,
				"gfSection": false,
				"bpm": 180,
				"changeBPM": false,
				"mustHitSection": true
			},
			{
				"lengthInSteps": 16,
				"typeOfSection": 0,
				"sectionNotes": [],
				"altAnim": false,
				"gfSection": false,
				"bpm": 180,
				"changeBPM": false,
				"mustHitSection": true
			},
			{
				"lengthInSteps": 16,
				"typeOfSection": 0,
				"sectionNotes": [],
				"altAnim": false,
				"gfSection": false,
				"bpm": 180,
				"changeBPM": false,
				"mustHitSection": false
			},
			{
				"lengthInSteps": 16,
				"typeOfSection": 0,
				"sectionNotes": [],
				"altAnim": false,
				"gfSection": false,
				"bpm": 180,
				"changeBPM": false,
				"mustHitSection": true
			},
			{
				"lengthInSteps": 16,
				"typeOfSection": 0,
				"sectionNotes": [],
				"altAnim": false,
				"gfSection": false,
				"bpm": 180,
				"changeBPM": false,
				"mustHitSection": false
			},
			{
				"lengthInSteps": 16,
				"typeOfSection": 0,
				"sectionNotes": [],
				"altAnim": false,
				"gfSection": false,
				"bpm": 180,
				"changeBPM": false,
				"mustHitSection": true
			},
			{
				"lengthInSteps": 16,
				"typeOfSection": 0,
				"sectionNotes": [],
				"altAnim": false,
				"gfSection": false,
				"bpm": 180,
				"changeBPM": false,
				"mustHitSection": false
			},
			{
				"lengthInSteps": 16,
				"typeOfSection": 0,
				"sectionNotes": [],
				"altAnim": false,
				"gfSection": false,
				"bpm": 180,
				"changeBPM": false,
				"mustHitSection": false
			},
			{
				"lengthInSteps": 16,
				"typeOfSection": 0,
				"sectionNotes": [],
				"altAnim": false,
				"gfSection": false,
				"bpm": 180,
				"changeBPM": false,
				"mustHitSection": true
			},
			{
				"lengthInSteps": 16,
				"typeOfSection": 0,
				"sectionNotes": [],
				"altAnim": false,
				"gfSection": false,
				"bpm": 180,
				"changeBPM": false,